"0","library(knitr)"
"0","library(questionr)"
"0","knitr::opts_chunk$set(echo = FALSE)"
"0",""
"0","# Chargement"
"0","don<-read.table(file = ""data/BEN-MEN-2013-SAMPLE.csv"","
"0","                header = T,"
"0","                sep ="";"","
"0","                dec="","","
"0","                stringsAsFactors = TRUE)"
"0",""
"0","# Choix de l'équipement"
"0","don$equip<-don$foyam"
"0",""
"0","# Recodage de la variable URBA"
"0","don$URBA<-as.factor(don$URBA)"
"0","levels(don$URBA) <- c(""Rural"",""Urbain"")"
"0",""
"0","# Sélection des variables"
"0","don<-don[,c(""ID"",""WGT"",""DEP_NAME"",""URBA"",""age"",""sexe"",""etud5"",""equip"")]"
"0",""
