{"chunk_definitions":[{"row":34,"row_count":1,"visible":true,"expansion_state":0,"options":{"engine":"r","label":"setup","include":false,"echo":false},"document_id":"75E22A73","chunk_id":"czpvco9vj3tyh","chunk_label":"setup"},{"row":42,"row_count":1,"visible":true,"expansion_state":0,"options":{"engine":"r","label":"unnamed-chunk-108"},"document_id":"75E22A73","chunk_id":"cvgupj19ctn3z","chunk_label":"unnamed-chunk-1"},{"row":53,"row_count":1,"visible":true,"expansion_state":0,"options":{"engine":"r","label":"unnamed-chunk-111"},"document_id":"75E22A73","chunk_id":"c03okli7ij0dn","chunk_label":"unnamed-chunk-2"},{"row":69,"row_count":1,"visible":true,"expansion_state":0,"options":{"engine":"r","label":"unnamed-chunk-104"},"document_id":"75E22A73","chunk_id":"cbbcivf17or9f","chunk_label":"unnamed-chunk-3"}],"doc_write_time":1696278590,"chunk_rendered_width":620}