{
    "sources": [
        {
            "DOI": "10.18356/e0db297d-fr",
            "URL": "http://dx.doi.org/10.18356/e0db297d-fr",
            "author": [],
            "id": "devafr",
            "issued": {
                "date-parts": [
                    [
                        2013,
                        7,
                        15
                    ]
                ]
            },
            "publisher": "UN",
            "title": "Le développement économique en afrique rapport 2012",
            "type": "book"
        }
    ],
    "project_biblios": []
}